jurisdiction_id,offence_raw,category_canonical,dataset_group,row_count,percent_of_other_bucket,percent_of_jurisdiction,sample_source_fields_json,likely_improved_category_family,confidence,notes
halton-hrps,ROADSIDE TEST,ROADSIDE TEST,halton_crime_map_incidents,10332,9.2528,51.0172,"{""objectid"":""4"",""case_no"":""202600060520"",""date"":""1772260440000"",""date_utc"":""2026-02-28T06:34:00Z"",""description"":"" ROADSIDE TEST"",""location"":""APPLEBY LI"",""city"":""BURLINGTON"",""latitude"":""43.37748718611018"",""longitude"":""-79.76747337374658"",""x"":""-79.767473373746583"",""y"":""43.377487186110166"",""globalid"":""4dd16040-e8a2-4fd9-baf9-43768f50c372"",""source_layer_url"":""https://services2.arcgis.com/o1LYr96CpFkfsDJS/arcgis/rest/services/Crime_Map/FeatureServer/0"",""source_class"":""public_incident_records_crime...",impaired_driving,high,Step 6C goal
peel-prp,Mischief Over - Property,other,peel_ecrimes_incidents,9782,8.7602,11.8712,"{""objectid"":""39"",""occurrencenumber"":""PR250375555"",""occurrencedate"":""29/11/2025"",""occurrencetime"":""06:03:00"",""occdate"":""1764396180000"",""occdateutc"":""1764410580000"",""occurrenceweekday"":""Saturday"",""occurrencehour"":""6"",""occmonth"":""November"",""occyear"":""2025"",""description"":""Mischief Over - Property"",""clearancestatus"":""Solved"",""streetname"":""WINSTON CHURCHILL"",""streettype"":""BV"",""municipality"":""MISSISSAUGA"",""patrolzone"":""11110"",""division"":""11"",""occtype"":""MIS"",""ward"":""M2"",""longitude"":""-79.6349999999999...",mischief_property_damage,medium,"13,948+ rows — review before public MVP"
tps,Theft Over,other,tps_processed_v1,9574,8.5739,1.6467,"{""record_key"":""theft-over-open-data:1"",""source_record_id"":""1"",""event_unique_id"":""GO-20141264862"",""dataset_slug"":""theft-over-open-data"",""report_date"":""2014-01-01"",""occ_date"":""2014-01-01"",""occ_year"":""2014"",""occ_month"":""January"",""occ_dow"":""Wednesday"",""occ_hour"":""23"",""division"":""D43"",""location_type"":""Other Commercial / Corporate Places (For Profit, Warehouse, Corp. Bldg"",""premises_type"":""Commercial"",""offence"":""Theft Over"",""csi_category"":""Theft Over"",""hood_158"":""156"",""neighbourhood_158"":""Bendale-G...",theft_other,high,Reclassify from generic other to theft_other
yrp,Theft Under $5000 - Shoplifting,other,yrp_community_safety_incidents,8439,7.5575,12.5668,"{""objectid"":""147125"",""uniqueidentifier"":""2025_724_1"",""occ_time"":""15"",""case_type_pubtrans"":""Theft Under $5000 - Shoplifting"",""case_category1"":""Secondary"",""locationcode"":""Business"",""district"":""2"",""municipality"":""Richmond Hill"",""special_grouping"":"""",""x_coordinate"":"" 625456.70"",""y_coordinate"":""4856942.21"",""week_day"":""3"",""crime_per_pop"":""0.45"",""crimeprevention"":""https://www.yrp.ca/en/crime-prevention.asp"",""shooting"":"""",""mediarelease"":"""",""mediareleaseflag"":"""",""dems_public_url"":"""",""dems_flag"":"""",""oc...",theft_other,high,YRP theft under variants
hamilton-hps,Theft Under or equal to $5000 - FROM Motor Vehicle - NO Damage,other,hamilton_communitycrimemap_hps_only,5267,4.7168,24.6502,"{""source_provider"":""LexisNexis Community Crime Map"",""jurisdiction"":""hamilton-hps"",""source_pin_key"":""EVE14746512734575356922:3418980373"",""entityid"":""EVE14746512734575356922:3418980373"",""referenceid"":""100023002000000626105401"",""agencyid"":""Hamilton"",""agency"":""Hamilton Police Service"",""ucrgroup"":""17"",""class_raw"":""17"",""datetime_raw"":""2021-09-18 00:00:00.000"",""latitude"":""43.2516988058003"",""longitude"":""-79.85768145543933"",""geohash"":""dpxnnc9r"",""distance"":""6.79"",""mo_ucrgroup"":""17"",""mo_class"":""Burglary...",theft_from_vehicle,high,Theft from MV labels
yrp,Mischief To Property,other,yrp_community_safety_incidents,4975,4.4553,7.4085,"{""objectid"":""142772"",""uniqueidentifier"":""2025_6691_1"",""occ_time"":""3"",""case_type_pubtrans"":""Mischief To Property"",""case_category1"":""Secondary"",""locationcode"":""Residence"",""district"":""2"",""municipality"":""Richmond Hill"",""special_grouping"":"""",""x_coordinate"":"" 624494.30"",""y_coordinate"":""4860921.40"",""week_day"":""3"",""crime_per_pop"":""0.45"",""crimeprevention"":""https://www.yrp.ca/en/crime-prevention.asp"",""shooting"":"""",""mediarelease"":"""",""mediareleaseflag"":"""",""dems_public_url"":"""",""dems_flag"":"""",""occ_id"":""202...",mischief_property_damage,high,YRP mischief labels
yrp,Theft Under $5000- Other,other,yrp_community_safety_incidents,4921,4.4070,7.3280,"{""objectid"":""188757"",""uniqueidentifier"":""2025_800032_1"",""occ_time"":""10"",""case_type_pubtrans"":""Theft Under $5000- Other"",""case_category1"":""Secondary"",""locationcode"":""Residence"",""district"":""4"",""municipality"":""Vaughan"",""special_grouping"":"""",""x_coordinate"":"" 616259.12"",""y_coordinate"":""4855636.15"",""week_day"":""3"",""crime_per_pop"":""0.27"",""crimeprevention"":""https://www.yrp.ca/en/crime-prevention.asp"",""shooting"":"""",""mediarelease"":"""",""mediareleaseflag"":"""",""dems_public_url"":"""",""dems_flag"":"""",""occ_id"":""20...",theft_other,high,YRP theft under variants
tps,Theft From Motor Vehicle Over,other,tps_processed_v1,3961,3.5472,0.6813,"{""record_key"":""theft-over-open-data:8"",""source_record_id"":""8"",""event_unique_id"":""GO-20141275836"",""dataset_slug"":""theft-over-open-data"",""report_date"":""2014-01-03"",""occ_date"":""2013-12-31"",""occ_year"":""2013"",""occ_month"":""December"",""occ_dow"":""Tuesday"",""occ_hour"":""11"",""division"":""D14"",""location_type"":""Parking Lots (Apt., Commercial Or Non-Commercial)"",""premises_type"":""Outside"",""offence"":""Theft From Motor Vehicle Over"",""csi_category"":""Theft Over"",""hood_158"":""081"",""neighbourhood_158"":""Trinity-Bellwoo...",theft_other,high,Reclassify from generic other to theft_other
peel-prp,Mischief Under - Property,other,peel_ecrimes_incidents,3743,3.3520,4.5424,"{""objectid"":""92"",""occurrencenumber"":""PR240077927"",""occurrencedate"":""05/02/2024"",""occurrencetime"":""14:30:00"",""occdate"":""1707143400000"",""occdateutc"":""1707157800000"",""occurrenceweekday"":""Monday"",""occurrencehour"":""14"",""occmonth"":""February"",""occyear"":""2024"",""description"":""Mischief Under - Property"",""clearancestatus"":""Unsolved"",""streetname"":""ROYAL WINDSOR"",""streettype"":""DR"",""municipality"":""MISSISSAUGA"",""patrolzone"":""11110"",""division"":""11"",""occtype"":""MIS"",""ward"":""M2"",""longitude"":""-79.643399999999971...",mischief_property_damage,medium,"13,948+ rows — review before public MVP"
yrp,Utter Threats To Person,Other Persons Crime,yrp_community_safety_incidents,3339,2.9902,4.9722,"{""objectid"":""46290"",""uniqueidentifier"":""2025_526_1"",""occ_time"":""13"",""case_type_pubtrans"":""Utter Threats To Person"",""case_category1"":""Secondary"",""locationcode"":""Residence"",""district"":""5"",""municipality"":""Markham"",""special_grouping"":"""",""x_coordinate"":"" 640337.38"",""y_coordinate"":""4856622.30"",""week_day"":""3"",""crime_per_pop"":""0.27"",""crimeprevention"":""https://www.yrp.ca/en/crime-prevention.asp"",""shooting"":"""",""mediarelease"":"""",""mediareleaseflag"":"""",""dems_public_url"":"""",""dems_flag"":"""",""occ_id"":""2025_52...",other_criminal_code,low,Manual review
hamilton-hps,Break and Enter - Business,Break and Enter - Business,hamilton_communitycrimemap_hps_only,3161,2.8308,14.7938,"{""source_provider"":""LexisNexis Community Crime Map"",""jurisdiction"":""hamilton-hps"",""source_pin_key"":""EVE8399759359684773869:3424350296"",""entityid"":""EVE8399759359684773869:3424350296"",""referenceid"":""100023002000000626717311"",""agencyid"":""Hamilton"",""agency"":""Hamilton Police Service"",""ucrgroup"":""10"",""class_raw"":""10"",""datetime_raw"":""2021-09-18 04:13:00.000"",""latitude"":""43.254715753811944"",""longitude"":""-79.87385149705055"",""geohash"":""dpxnn6m8"",""distance"":""7.19"",""mo_ucrgroup"":""10"",""mo_class"":""Burglary...",break_and_enter,high,Hamilton B&E labels
yrp,Possession Under - Property Obtained By Crime,Other Property Crime,yrp_community_safety_incidents,2992,2.6795,4.4555,"{""objectid"":""100861"",""uniqueidentifier"":""2025_52215_1"",""occ_time"":""8"",""case_type_pubtrans"":""Possession Under - Property Obtained By Crime"",""case_category1"":""Secondary"",""locationcode"":""Outdoor"",""district"":""4"",""municipality"":""Vaughan"",""special_grouping"":"""",""x_coordinate"":"" 607449.67"",""y_coordinate"":""4849952.45"",""week_day"":""6"",""crime_per_pop"":""0.27"",""crimeprevention"":""https://www.yrp.ca/en/crime-prevention.asp"",""shooting"":"""",""mediarelease"":"""",""mediareleaseflag"":"""",""dems_public_url"":"""",""dems_flag...",other_criminal_code,low,Manual review
hamilton-hps,Break and Enter - Residence,Break and Enter - Residence,hamilton_communitycrimemap_hps_only,2575,2.3060,12.0513,"{""source_provider"":""LexisNexis Community Crime Map"",""jurisdiction"":""hamilton-hps"",""source_pin_key"":""EVE2844517290307411636:3415434154"",""entityid"":""EVE2844517290307411636:3415434154"",""referenceid"":""100023002000000625956127"",""agencyid"":""Hamilton"",""agency"":""Hamilton Police Service"",""ucrgroup"":""11"",""class_raw"":""11"",""datetime_raw"":""2021-09-18 01:26:00.000"",""latitude"":""43.25701065271488"",""longitude"":""-79.9376401340624"",""geohash"":""dpxnhfxn"",""distance"":""8.81"",""mo_ucrgroup"":""11"",""mo_class"":""Burglary -...",break_and_enter,high,Hamilton B&E labels
yrp,Theft Over $5000 - Vehicle,other,yrp_community_safety_incidents,2547,2.2809,3.7928,"{""objectid"":""159560"",""uniqueidentifier"":""2025_2426_1"",""occ_time"":""4"",""case_type_pubtrans"":""Theft Over $5000 - Vehicle"",""case_category1"":""Primary"",""locationcode"":""Residence"",""district"":""2"",""municipality"":""Richmond Hill"",""special_grouping"":"""",""x_coordinate"":"" 623585.04"",""y_coordinate"":""4858480.41"",""week_day"":""5"",""crime_per_pop"":""0.45"",""crimeprevention"":""https://www.yrp.ca/en/crime-prevention.asp"",""shooting"":"""",""mediarelease"":"""",""mediareleaseflag"":"""",""dems_public_url"":"""",""dems_flag"":"""",""occ_id"":...",auto_vehicle_theft,high,YRP theft over vehicle
hamilton-hps,Theft Under or equal to $5000 - FROM Motor Vehicle - Damage,other,hamilton_communitycrimemap_hps_only,2283,2.0445,10.6847,"{""source_provider"":""LexisNexis Community Crime Map"",""jurisdiction"":""hamilton-hps"",""source_pin_key"":""EVE34098562817890664:3418127875"",""entityid"":""EVE34098562817890664:3418127875"",""referenceid"":""100023002000000626105519"",""agencyid"":""Hamilton"",""agency"":""Hamilton Police Service"",""ucrgroup"":""17"",""class_raw"":""17"",""datetime_raw"":""2021-09-20 01:00:00.000"",""latitude"":""43.23731840588944"",""longitude"":""-79.85228191491284"",""geohash"":""dpxjyzj7"",""distance"":""5.76"",""mo_ucrgroup"":""17"",""mo_class"":""Burglary from...",theft_from_vehicle,high,Theft from MV labels
yrp,Theft Under $5000 - From Motor Vehicle,other,yrp_community_safety_incidents,1953,1.7490,2.9083,"{""objectid"":""92155"",""uniqueidentifier"":""2025_6039_1"",""occ_time"":""18"",""case_type_pubtrans"":""Theft Under $5000 - From Motor Vehicle"",""case_category1"":""Secondary"",""locationcode"":""Business"",""district"":""4"",""municipality"":""Vaughan"",""special_grouping"":"""",""x_coordinate"":"" 617865.70"",""y_coordinate"":""4850935.95"",""week_day"":""3"",""crime_per_pop"":""0.27"",""crimeprevention"":""https://www.yrp.ca/en/crime-prevention.asp"",""shooting"":"""",""mediarelease"":"""",""mediareleaseflag"":"""",""dems_public_url"":"""",""dems_flag"":"""",""o...",theft_other,high,YRP theft under variants
halton-hrps,MVC - HIT & RUN,MVC - HIT & RUN,halton_crime_map_incidents,1946,1.7427,9.6089,"{""objectid"":""1"",""case_no"":""202500324793"",""date"":""1760114700000"",""date_utc"":""2025-10-10T16:45:00Z"",""description"":"" MVC - HIT & RUN"",""location"":""APPLEBY LI"",""city"":""BURLINGTON"",""latitude"":""43.40661464753334"",""longitude"":""-79.80799350837393"",""x"":""-79.807993508373926"",""y"":""43.406614647533338"",""globalid"":""d0be1fdd-df65-4dd1-8b1a-67b83c6a1580"",""source_layer_url"":""https://services2.arcgis.com/o1LYr96CpFkfsDJS/arcgis/rest/services/Crime_Map/FeatureServer/0"",""source_class"":""public_incident_records_cri...",traffic_collisions,high,MVC labels are traffic collisions not generic crime
yrp,Break and Enter  - Residential,Break and Enter - Residential,yrp_community_safety_incidents,1934,1.7320,2.8800,"{""objectid"":""46148"",""uniqueidentifier"":""2025_144_1"",""occ_time"":""3"",""case_type_pubtrans"":""Break and Enter  - Residential"",""case_category1"":""Primary"",""locationcode"":""Residence"",""district"":""1"",""municipality"":""King"",""special_grouping"":"""",""x_coordinate"":"" 608558.59"",""y_coordinate"":""4863505.43"",""week_day"":""3"",""crime_per_pop"":""3.38"",""crimeprevention"":""https://www.yrp.ca/en/crime-prevention/Break-and-Enter-Prevention.asp"",""shooting"":"""",""mediarelease"":"""",""mediareleaseflag"":"""",""dems_public_url"":"""",""dem...",break_and_enter,high,YRP break and enter label variant
tps,Theft From Mail / Bag / Key,other,tps_processed_v1,1725,1.5448,0.2967,"{""record_key"":""theft-over-open-data:13"",""source_record_id"":""13"",""event_unique_id"":""GO-20141301110"",""dataset_slug"":""theft-over-open-data"",""report_date"":""2014-01-07"",""occ_date"":""2014-01-07"",""occ_year"":""2014"",""occ_month"":""January"",""occ_dow"":""Tuesday"",""occ_hour"":""22"",""division"":""D33"",""location_type"":""Apartment (Rooming House, Condo)"",""premises_type"":""Apartment"",""offence"":""Theft From Mail / Bag / Key"",""csi_category"":""Theft Over"",""hood_158"":""150"",""neighbourhood_158"":""Fenside-Parkwoods (150)"",""hood_...",theft_other,high,Reclassify from generic other to theft_other
yrp,Impaired Alcohol / Over 80 Mgs,other,yrp_community_safety_incidents,1412,1.2645,2.1027,"{""objectid"":""20595"",""uniqueidentifier"":""2025_4760_1"",""occ_time"":""3"",""case_type_pubtrans"":""Impaired Alcohol / Over 80 Mgs"",""case_category1"":""Primary"",""locationcode"":""Outdoor"",""district"":""4"",""municipality"":""Vaughan"",""special_grouping"":"""",""x_coordinate"":"" 616981.66"",""y_coordinate"":""4847389.29"",""week_day"":""7"",""crime_per_pop"":""0.27"",""crimeprevention"":""https://www.yrp.ca/en/crime-prevention/Impaired-Driving.asp"",""shooting"":"""",""mediarelease"":"""",""mediareleaseflag"":"""",""dems_public_url"":"""",""dems_flag"":...",impaired_driving,high,YRP impaired driving labels
halton-hrps,THEFT OF VEHICLE,THEFT OF VEHICLE,halton_crime_map_incidents,1233,1.1042,6.0883,"{""objectid"":""8"",""case_no"":""202600134258"",""date"":""1778295600000"",""date_utc"":""2026-05-09T03:00:00Z"",""description"":"" THEFT OF VEHICLE"",""location"":""APPLEBY LI"",""city"":""BURLINGTON"",""latitude"":""43.38723280114151"",""longitude"":""-79.78113774631376"",""x"":""-79.78113774631376"",""y"":""43.387232801141508"",""globalid"":""44749749-6db2-410d-aed5-bc9b8730a96e"",""source_layer_url"":""https://services2.arcgis.com/o1LYr96CpFkfsDJS/arcgis/rest/services/Crime_Map/FeatureServer/0"",""source_class"":""public_incident_records_cri...",auto_vehicle_theft,high,Vehicle theft
yrp,Criminal Harassment,Other Persons Crime,yrp_community_safety_incidents,1187,1.0630,1.7676,"{""objectid"":""13910"",""uniqueidentifier"":""2025_574_1"",""occ_time"":""15"",""case_type_pubtrans"":""Criminal Harassment"",""case_category1"":""Secondary"",""locationcode"":""Residence"",""district"":""5"",""municipality"":""Markham"",""special_grouping"":"""",""x_coordinate"":"" 632898.44"",""y_coordinate"":""4859797.04"",""week_day"":""3"",""crime_per_pop"":""0.27"",""crimeprevention"":""https://www.yrp.ca/en/crime-prevention.asp"",""shooting"":"""",""mediarelease"":"""",""mediareleaseflag"":"""",""dems_public_url"":"""",""dems_flag"":"""",""occ_id"":""2025_574"",""...",other_criminal_code,low,Manual review
halton-hrps,MVC - PI,MVC - PI,halton_crime_map_incidents,1165,1.0433,5.7525,"{""objectid"":""5"",""case_no"":""202600176777"",""date"":""1781613180000"",""date_utc"":""2026-06-16T12:33:00Z"",""description"":"" MVC - PI"",""location"":""APPLEBY LI"",""city"":""BURLINGTON"",""latitude"":""43.36725803904737"",""longitude"":""-79.75366234907328"",""x"":""-79.753662349073281"",""y"":""43.367258039047364"",""globalid"":""13eee87f-cb7a-4c57-a2a1-23a934ff35d9"",""source_layer_url"":""https://services2.arcgis.com/o1LYr96CpFkfsDJS/arcgis/rest/services/Crime_Map/FeatureServer/0"",""source_class"":""public_incident_records_crime_map""...",traffic_collisions,high,MVC labels are traffic collisions not generic crime
yrp,Harassing / Indecent Communications,Other Persons Crime,yrp_community_safety_incidents,1153,1.0326,1.7170,"{""objectid"":""18068"",""uniqueidentifier"":""2026_128856_1"",""occ_time"":""0"",""case_type_pubtrans"":""Harassing / Indecent Communications"",""case_category1"":""Secondary"",""locationcode"":""Residence"",""district"":""4"",""municipality"":""Vaughan"",""special_grouping"":"""",""x_coordinate"":"" 614120.51"",""y_coordinate"":""4848762.54"",""week_day"":""3"",""crime_per_pop"":""0.27"",""crimeprevention"":""https://www.yrp.ca/en/crime-prevention.asp"",""shooting"":"""",""mediarelease"":"""",""mediareleaseflag"":"""",""dems_public_url"":"""",""dems_flag"":"""",""oc...",other_criminal_code,low,Manual review
durham-drps,Break & Enter,Break & Enter,durham_master,1075,0.9627,13.7486,"{""esri_oid"":""3"",""event_unique_id"":""GO-2025144270-1"",""report_date"":""1750061340000"",""report_hour"":""4"",""report_month"":""6"",""report_day"":""16"",""report_dow"":""Mon"",""occ_date"":""1750061340000"",""occ_hour"":""4"",""occurence_month"":""6"",""occurence_day"":""16"",""occ_dow"":""Mon"",""municipality"":""Ajax"",""yesterday"":""No"",""division"":""19D"",""crime_category"":""Break & Enter"",""node_id"":""10323"",""dist"":""0"",""lat"":""43.830993762319217"",""lon"":""-79.026292950464168"",""neighbourhood"":""Ajax Waterfront"",""location_txt"":""Commercial dwelli...",break_and_enter,high,Loader regex miss + taxonomy placeholder family
yrp,Break and Enter  - Commercial,Break and Enter - Commercial,yrp_community_safety_incidents,1054,0.9439,1.5696,"{""objectid"":""70907"",""uniqueidentifier"":""2025_1050_1"",""occ_time"":""5"",""case_type_pubtrans"":""Break and Enter  - Commercial"",""case_category1"":""Primary"",""locationcode"":""Business"",""district"":""5"",""municipality"":""Markham"",""special_grouping"":"""",""x_coordinate"":"" 631870.31"",""y_coordinate"":""4858772.22"",""week_day"":""4"",""crime_per_pop"":""0.27"",""crimeprevention"":""https://www.yrp.ca/en/crime-prevention/Break-and-Enter-Prevention.asp"",""shooting"":"""",""mediarelease"":"""",""mediareleaseflag"":"""",""dems_public_url"":"""",""d...",break_and_enter,high,YRP break and enter label variant
halton-hrps,THEFT FROM AUTO,THEFT FROM AUTO,halton_crime_map_incidents,1045,0.9358,5.1600,"{""objectid"":""37"",""case_no"":""202500232512"",""date"":""1754084683000"",""date_utc"":""2025-08-01T21:44:43Z"",""description"":"" THEFT FROM AUTO"",""location"":""APPLEBY LI"",""city"":""BURLINGTON"",""latitude"":""43.38329218882309"",""longitude"":""-79.77558786081185"",""x"":""-79.775587860811839"",""y"":""43.383292188823084"",""globalid"":""d61f07b5-3ca6-4d1e-90e0-cf22a361a899"",""source_layer_url"":""https://services2.arcgis.com/o1LYr96CpFkfsDJS/arcgis/rest/services/Crime_Map/FeatureServer/0"",""source_class"":""public_incident_records_cr...",theft_from_vehicle,high,Theft from vehicle
halton-hrps,THEFT UNDER,other,halton_crime_map_incidents,1029,0.9215,5.0810,"{""objectid"":""32"",""case_no"":""202600086437"",""date"":""1774396800000"",""date_utc"":""2026-03-25T00:00:00Z"",""description"":"" THEFT UNDER"",""location"":""APPLEBY LI"",""city"":""BURLINGTON"",""latitude"":""43.40832776245023"",""longitude"":""-79.8103383745225"",""x"":""-79.8103383745225"",""y"":""43.408327762450227"",""globalid"":""466b15f9-2413-41db-a272-b86fb9b32502"",""source_layer_url"":""https://services2.arcgis.com/o1LYr96CpFkfsDJS/arcgis/rest/services/Crime_Map/FeatureServer/0"",""source_class"":""public_incident_records_crime_map...",theft_other,high,Theft labels outside major Phase 1 families
hamilton-hps,Break and Enter - Other,Break and Enter - Other,hamilton_communitycrimemap_hps_only,969,0.8678,4.5350,"{""source_provider"":""LexisNexis Community Crime Map"",""jurisdiction"":""hamilton-hps"",""source_pin_key"":""EVE13275960061347595740:3417290768"",""entityid"":""EVE13275960061347595740:3417290768"",""referenceid"":""100023002000000626106190"",""agencyid"":""Hamilton"",""agency"":""Hamilton Police Service"",""ucrgroup"":""11"",""class_raw"":""11"",""datetime_raw"":""2021-09-18 00:30:00.000"",""latitude"":""43.24929690625337"",""longitude"":""-79.83382312973222"",""geohash"":""dpxnp36c"",""distance"":""6.50"",""mo_ucrgroup"":""11"",""mo_class"":""Burglar...",break_and_enter,high,Hamilton B&E labels
yrp,Missing Person-Adult,Missing Person,yrp_community_safety_incidents,935,0.8373,1.3923,"{""objectid"":""170365"",""uniqueidentifier"":""2025_5452_1"",""occ_time"":""19"",""case_type_pubtrans"":""Missing Person-Adult"",""case_category1"":""Secondary"",""locationcode"":""Residence"",""district"":""2"",""municipality"":""Richmond Hill"",""special_grouping"":"""",""x_coordinate"":"" 622225.14"",""y_coordinate"":""4867439.23"",""week_day"":""7"",""crime_per_pop"":""0.45"",""crimeprevention"":""https://www.yrp.ca/en/crime-prevention.asp"",""shooting"":"""",""mediarelease"":"""",""mediareleaseflag"":"""",""dems_public_url"":"""",""dems_flag"":"""",""occ_id"":""20...",missing_person,high,YRP missing person
tps,Theft Over - Shoplifting,other,tps_processed_v1,826,0.7397,0.1421,"{""record_key"":""theft-over-open-data:30"",""source_record_id"":""30"",""event_unique_id"":""GO-20141341993"",""dataset_slug"":""theft-over-open-data"",""report_date"":""2014-01-14"",""occ_date"":""2014-01-14"",""occ_year"":""2014"",""occ_month"":""January"",""occ_dow"":""Tuesday"",""occ_hour"":""13"",""division"":""D22"",""location_type"":""Other Commercial / Corporate Places (For Profit, Warehouse, Corp. Bldg"",""premises_type"":""Commercial"",""offence"":""Theft Over - Shoplifting"",""csi_category"":""Theft Over"",""hood_158"":""010"",""neighbourhood_1...",theft_other,high,Reclassify from generic other to theft_other
yrp,Theft Over $5000 - Other,other,yrp_community_safety_incidents,784,0.7021,1.1675,"{""objectid"":""56927"",""uniqueidentifier"":""2025_10437_1"",""occ_time"":""15"",""case_type_pubtrans"":""Theft Over $5000 - Other"",""case_category1"":""Primary"",""locationcode"":""Outdoor"",""district"":""1"",""municipality"":""Aurora"",""special_grouping"":"""",""x_coordinate"":"" 624338.33"",""y_coordinate"":""4875930.75"",""week_day"":""4"",""crime_per_pop"":""1.51"",""crimeprevention"":""https://www.yrp.ca/en/crime-prevention.asp"",""shooting"":"""",""mediarelease"":"""",""mediareleaseflag"":"""",""dems_public_url"":"""",""dems_flag"":"""",""occ_id"":""2025_1043...",theft_other,high,YRP theft over variants
halton-hrps,"PROPERTY DAMAGE UNDER $5,000","PROPERTY DAMAGE UNDER $5,000",halton_crime_map_incidents,773,0.6923,3.8169,"{""objectid"":""29"",""case_no"":""202600095717"",""date"":""1775080800000"",""date_utc"":""2026-04-01T22:00:00Z"",""description"":"" PROPERTY DAMAGE UNDER $5,000"",""location"":""APPLEBY LI"",""city"":""BURLINGTON"",""latitude"":""43.40661464753334"",""longitude"":""-79.80799350837393"",""x"":""-79.807993508373926"",""y"":""43.406614647533338"",""globalid"":""b10c4b93-397d-4644-aeff-6ce3b94722ca"",""source_layer_url"":""https://services2.arcgis.com/o1LYr96CpFkfsDJS/arcgis/rest/services/Crime_Map/FeatureServer/0"",""source_class"":""public_incide...",mischief_property_damage,high,Property damage is mischief/property damage family
durham-drps,Impaired Operation,other,durham_master,752,0.6734,9.6176,"{""esri_oid"":""2"",""event_unique_id"":""GO-2025144228-1"",""report_date"":""1750051260000"",""report_hour"":""1"",""report_month"":""6"",""report_day"":""16"",""report_dow"":""Mon"",""occ_date"":""1750051260000"",""occ_hour"":""1"",""occurence_month"":""6"",""occurence_day"":""16"",""occ_dow"":""Mon"",""municipality"":""Scugog"",""yesterday"":""No"",""division"":""15D"",""crime_category"":""Impaired Operation"",""node_id"":""1459"",""dist"":""0"",""lat"":""44.101867958601247"",""lon"":""-78.939727025634454"",""neighbourhood"":""Port Perry"",""location_txt"":""Street, road, hi...",impaired_driving,high,Durham impaired operation
yrp,Missing Person-Youth,Missing Person,yrp_community_safety_incidents,665,0.5955,0.9903,"{""objectid"":""203746"",""uniqueidentifier"":""2025_3247_1"",""occ_time"":""21"",""case_type_pubtrans"":""Missing Person-Youth"",""case_category1"":""Secondary"",""locationcode"":""Residence"",""district"":""3"",""municipality"":""Georgina"",""special_grouping"":"""",""x_coordinate"":"" 623034.56"",""y_coordinate"":""4900280.88"",""week_day"":""4"",""crime_per_pop"":""1.87"",""crimeprevention"":""https://www.yrp.ca/en/crime-prevention.asp"",""shooting"":"""",""mediarelease"":"""",""mediareleaseflag"":"""",""dems_public_url"":"""",""dems_flag"":"""",""occ_id"":""2025_32...",missing_person,high,YRP missing person
halton-hrps,BREAK AND ENTER HOUSE,BREAK AND ENTER HOUSE,halton_crime_map_incidents,524,0.4693,2.5874,"{""objectid"":""261"",""case_no"":""202500366944"",""date"":""1765317000000"",""date_utc"":""2025-12-09T21:50:00Z"",""description"":"" BREAK AND ENTER HOUSE"",""location"":""APPLEBY LI"",""city"":""BURLINGTON"",""latitude"":""43.44186739279292"",""longitude"":""-79.86945424079467"",""x"":""-79.869454240794667"",""y"":""43.441867392792915"",""globalid"":""be62a204-8b1d-4510-b519-ef5fd0357bbc"",""source_layer_url"":""https://services2.arcgis.com/o1LYr96CpFkfsDJS/arcgis/rest/services/Crime_Map/FeatureServer/0"",""source_class"":""public_incident_rec...",break_and_enter,high,B&E variants
yrp,Other Persons Crime,Other Persons Crime,yrp_community_safety_incidents,504,0.4514,0.7505,"{""objectid"":""204"",""uniqueidentifier"":""2026_111146_1"",""occ_time"":""0"",""case_type_pubtrans"":""Other Persons Crime"",""case_category1"":""Secondary"",""locationcode"":""Residence"",""district"":""5"",""municipality"":""Whitchurch-Stouffville"",""special_grouping"":"""",""x_coordinate"":"" 642398.35"",""y_coordinate"":""4870016.38"",""week_day"":""5"",""crime_per_pop"":""1.74"",""crimeprevention"":""https://www.yrp.ca/en/online-reporting/Report-a-Sexual-Assault.asp"",""shooting"":"""",""mediarelease"":"""",""mediareleaseflag"":"""",""dems_public_url"":...",other_criminal_code,low,Manual review
halton-hrps,IMPAIRED DRIVING,other,halton_crime_map_incidents,493,0.4415,2.4343,"{""objectid"":""3"",""case_no"":""202600132671"",""date"":""1778187900000"",""date_utc"":""2026-05-07T21:05:00Z"",""description"":"" IMPAIRED DRIVING"",""location"":""APPLEBY LI"",""city"":""BURLINGTON"",""latitude"":""43.369152588957576"",""longitude"":""-79.75615335260014"",""x"":""-79.756153352600151"",""y"":""43.369152588957569"",""globalid"":""fdb2bea4-a529-4449-a440-6846b554aec7"",""source_layer_url"":""https://services2.arcgis.com/o1LYr96CpFkfsDJS/arcgis/rest/services/Crime_Map/FeatureServer/0"",""source_class"":""public_incident_records_c...",impaired_driving,high,Impaired driving
yrp,Weapons Possession Of Other,Weapons Violations,yrp_community_safety_incidents,473,0.4236,0.7044,"{""objectid"":""48028"",""uniqueidentifier"":""2025_21357_1"",""occ_time"":""23"",""case_type_pubtrans"":""Weapons Possession Of Other"",""case_category1"":""Primary"",""locationcode"":""Outdoor"",""district"":""5"",""municipality"":""Markham"",""special_grouping"":""Violent Crime"",""x_coordinate"":"" 636678.65"",""y_coordinate"":""4864577.44"",""week_day"":""6"",""crime_per_pop"":""0.27"",""crimeprevention"":""https://www.yrp.ca/en/crime-prevention.asp"",""shooting"":"""",""mediarelease"":"""",""mediareleaseflag"":"""",""dems_public_url"":"""",""dems_flag"":"""",""o...",weapons,high,YRP weapons
yrp,Trafficking Stolen Goods Over $5000,Other Property Crime,yrp_community_safety_incidents,470,0.4209,0.6999,"{""objectid"":""62921"",""uniqueidentifier"":""2025_4121_1"",""occ_time"":""14"",""case_type_pubtrans"":""Trafficking Stolen Goods Over $5000"",""case_category1"":""Secondary"",""locationcode"":""Business"",""district"":""1"",""municipality"":""Aurora"",""special_grouping"":"""",""x_coordinate"":"" 627191.16"",""y_coordinate"":""4874119.24"",""week_day"":""6"",""crime_per_pop"":""1.51"",""crimeprevention"":""https://www.yrp.ca/en/crime-prevention.asp"",""shooting"":"""",""mediarelease"":"""",""mediareleaseflag"":"""",""dems_public_url"":"""",""dems_flag"":"""",""occ_i...",other_criminal_code,low,Manual review
tps,Theft Over - Distraction,other,tps_processed_v1,430,0.3851,0.0740,"{""record_key"":""theft-over-open-data:1151"",""source_record_id"":""1151"",""event_unique_id"":""GO-2015403153"",""dataset_slug"":""theft-over-open-data"",""report_date"":""2015-03-09"",""occ_date"":""2015-03-09"",""occ_year"":""2015"",""occ_month"":""March"",""occ_dow"":""Monday"",""occ_hour"":""12"",""division"":""D41"",""location_type"":""Streets, Roads, Highways (Bicycle Path, Private Road)"",""premises_type"":""Outside"",""offence"":""Theft Over - Distraction"",""csi_category"":""Theft Over"",""hood_158"":""124"",""neighbourhood_158"":""Kennedy Park (1...",theft_other,high,Reclassify from generic other to theft_other
yrp,Possession Over - Property Obtained By Crime,Other Property Crime,yrp_community_safety_incidents,405,0.3627,0.6031,"{""objectid"":""24265"",""uniqueidentifier"":""2026_132052_1"",""occ_time"":""3"",""case_type_pubtrans"":""Possession Over - Property Obtained By Crime"",""case_category1"":""Secondary"",""locationcode"":""Outdoor"",""district"":""3"",""municipality"":""Georgina"",""special_grouping"":"""",""x_coordinate"":"" 624679.64"",""y_coordinate"":""4895125.60"",""week_day"":""7"",""crime_per_pop"":""1.87"",""crimeprevention"":""https://www.yrp.ca/en/crime-prevention.asp"",""shooting"":"""",""mediarelease"":"""",""mediareleaseflag"":"""",""dems_public_url"":"""",""dems_flag...",other_criminal_code,low,Manual review
yrp,Theft Under $5000 - Bicycle,other,yrp_community_safety_incidents,398,0.3564,0.5927,"{""objectid"":""50084"",""uniqueidentifier"":""2025_11440_1"",""occ_time"":""11"",""case_type_pubtrans"":""Theft Under $5000 - Bicycle"",""case_category1"":""Secondary"",""locationcode"":""Residence"",""district"":""2"",""municipality"":""Richmond Hill"",""special_grouping"":"""",""x_coordinate"":"" 627124.00"",""y_coordinate"":""4858829.95"",""week_day"":""5"",""crime_per_pop"":""0.45"",""crimeprevention"":""https://www.yrp.ca/en/crime-prevention.asp"",""shooting"":"""",""mediarelease"":"""",""mediareleaseflag"":"""",""dems_public_url"":"""",""dems_flag"":"""",""occ_...",theft_other,high,YRP theft under variants
yrp,Extortion,Other Persons Crime,yrp_community_safety_incidents,391,0.3502,0.5823,"{""objectid"":""12834"",""uniqueidentifier"":""2025_19797_1"",""occ_time"":""10"",""case_type_pubtrans"":""Extortion"",""case_category1"":""Secondary"",""locationcode"":""Residence"",""district"":""4"",""municipality"":""Vaughan"",""special_grouping"":"""",""x_coordinate"":"" 615521.81"",""y_coordinate"":""4855109.34"",""week_day"":""4"",""crime_per_pop"":""0.27"",""crimeprevention"":""https://www.yrp.ca/en/crime-prevention.asp"",""shooting"":"""",""mediarelease"":"""",""mediareleaseflag"":"""",""dems_public_url"":"""",""dems_flag"":"""",""occ_id"":""2025_19797"",""hate_c...",other_criminal_code,low,Manual review
yrp,Disguise With Intent,Other Criminal Code,yrp_community_safety_incidents,349,0.3125,0.5197,"{""objectid"":""152721"",""uniqueidentifier"":""2025_801385_1"",""occ_time"":""20"",""case_type_pubtrans"":""Disguise With Intent"",""case_category1"":""Secondary"",""locationcode"":""Business"",""district"":""1"",""municipality"":""Aurora"",""special_grouping"":"""",""x_coordinate"":"" 624223.21"",""y_coordinate"":""4875380.38"",""week_day"":""4"",""crime_per_pop"":""1.51"",""crimeprevention"":""https://www.yrp.ca/en/crime-prevention.asp"",""shooting"":"""",""mediarelease"":"""",""mediareleaseflag"":"""",""dems_public_url"":"""",""dems_flag"":"""",""occ_id"":""2025_801...",other_criminal_code,low,Manual review
yrp,Trespass To Property Act,Provincial Offences,yrp_community_safety_incidents,338,0.3027,0.5033,"{""objectid"":""119768"",""uniqueidentifier"":""2025_424773_1"",""occ_time"":""14"",""case_type_pubtrans"":""Trespass To Property Act"",""case_category1"":""Secondary"",""locationcode"":""Business"",""district"":""1"",""municipality"":""Newmarket"",""special_grouping"":"""",""x_coordinate"":"" 625363.86"",""y_coordinate"":""4878369.64"",""week_day"":""3"",""crime_per_pop"":""1.06"",""crimeprevention"":""https://www.yrp.ca/en/crime-prevention.asp"",""shooting"":"""",""mediarelease"":"""",""mediareleaseflag"":"""",""dems_public_url"":"""",""dems_flag"":"""",""occ_id"":""2...",other,low,Manual review
halton-hrps,THEFT OVER,other,halton_crime_map_incidents,326,0.2919,1.6097,"{""objectid"":""39"",""case_no"":""202600058746"",""date"":""1772127060000"",""date_utc"":""2026-02-26T17:31:00Z"",""description"":"" THEFT OVER"",""location"":""APPLEBY LI"",""city"":""MILTON"",""latitude"":""43.46721119712727"",""longitude"":""-79.90530017130624"",""x"":""-79.905300171306237"",""y"":""43.467211197127263"",""globalid"":""5d010943-21b6-4732-9d9b-a9fd8125841a"",""source_layer_url"":""https://services2.arcgis.com/o1LYr96CpFkfsDJS/arcgis/rest/services/Crime_Map/FeatureServer/0"",""source_class"":""public_incident_records_crime_map"",...",theft_other,high,Theft labels outside major Phase 1 families
yrp,Utter Threats to Property / Animals,Other Criminal Code,yrp_community_safety_incidents,299,0.2678,0.4453,"{""objectid"":""175257"",""uniqueidentifier"":""2025_19570_1"",""occ_time"":""10"",""case_type_pubtrans"":""Utter Threats to Property / Animals"",""case_category1"":""Secondary"",""locationcode"":""Residence"",""district"":""1"",""municipality"":""East Gwillimbury"",""special_grouping"":"""",""x_coordinate"":"" 623934.22"",""y_coordinate"":""4888454.36"",""week_day"":""5"",""crime_per_pop"":""2.38"",""crimeprevention"":""https://www.yrp.ca/en/crime-prevention.asp"",""shooting"":"""",""mediarelease"":"""",""mediareleaseflag"":"""",""dems_public_url"":"""",""dems_fl...",other_criminal_code,low,Manual review
peel-prp,Mischief/(Non-Physical) Property,other,peel_ecrimes_incidents,292,0.2615,0.3544,"{""objectid"":""114"",""occurrencenumber"":""PR250017042"",""occurrencedate"":""03/01/2025"",""occurrencetime"":""08:00:00"",""occdate"":""1735891200000"",""occdateutc"":""1735905600000"",""occurrenceweekday"":""Friday"",""occurrencehour"":""8"",""occmonth"":""January"",""occyear"":""2025"",""description"":""Mischief/(Non-Physical) Property"",""clearancestatus"":""Solved"",""streetname"":""LUNDENE"",""streettype"":""RD"",""municipality"":""MISSISSAUGA"",""patrolzone"":""11110"",""division"":""11"",""occtype"":""MIS"",""ward"":""M2"",""longitude"":""-79.651299999999935"",...",mischief_property_damage,medium,"13,948+ rows — review before public MVP"
yrp,Fail / Refuse With Demand Alcohol,other,yrp_community_safety_incidents,242,0.2167,0.3604,"{""objectid"":""61209"",""uniqueidentifier"":""2025_4751_1"",""occ_time"":""3"",""case_type_pubtrans"":""Fail / Refuse With Demand Alcohol  "",""case_category1"":""Primary"",""locationcode"":""Outdoor"",""district"":""4"",""municipality"":""Vaughan"",""special_grouping"":"""",""x_coordinate"":"" 614715.38"",""y_coordinate"":""4846686.91"",""week_day"":""7"",""crime_per_pop"":""0.27"",""crimeprevention"":""https://www.yrp.ca/en/crime-prevention/Impaired-Driving.asp"",""shooting"":"""",""mediarelease"":"""",""mediareleaseflag"":"""",""dems_public_url"":"""",""dems_f...",other,low,No high-confidence patch; retain other pending review
halton-hrps,BREAK AND ENTER OTHER,BREAK AND ENTER OTHER,halton_crime_map_incidents,228,0.2042,1.1258,"{""objectid"":""73"",""case_no"":""202500281247"",""date"":""1757813520000"",""date_utc"":""2025-09-14T01:32:00Z"",""description"":"" BREAK AND ENTER OTHER"",""location"":""APPLEBY LI"",""city"":""BURLINGTON"",""latitude"":""43.38723280114151"",""longitude"":""-79.78113774631376"",""x"":""-79.78113774631376"",""y"":""43.387232801141508"",""globalid"":""533456a1-9af4-41d1-87eb-4c43f78ce0ac"",""source_layer_url"":""https://services2.arcgis.com/o1LYr96CpFkfsDJS/arcgis/rest/services/Crime_Map/FeatureServer/0"",""source_class"":""public_incident_recor...",break_and_enter,high,B&E variants
tps,Theft Over - Bicycle,other,tps_processed_v1,219,0.1961,0.0377,"{""record_key"":""theft-over-open-data:2373"",""source_record_id"":""2373"",""event_unique_id"":""GO-2016720569"",""dataset_slug"":""theft-over-open-data"",""report_date"":""2016-04-27"",""occ_date"":""2016-04-27"",""occ_year"":""2016"",""occ_month"":""April"",""occ_dow"":""Wednesday"",""occ_hour"":""19"",""division"":""D32"",""location_type"":""Apartment (Rooming House, Condo)"",""premises_type"":""Apartment"",""offence"":""Theft Over - Bicycle"",""csi_category"":""Theft Over"",""hood_158"":""151"",""neighbourhood_158"":""Yonge-Doris (151)"",""hood_140"":""051""...",theft_other,high,Reclassify from generic other to theft_other
yrp,Theft Over $5000 - From Motor Vehicle,other,yrp_community_safety_incidents,212,0.1899,0.3157,"{""objectid"":""43600"",""uniqueidentifier"":""2025_22146_1"",""occ_time"":""12"",""case_type_pubtrans"":""Theft Over $5000 - From Motor Vehicle"",""case_category1"":""Primary"",""locationcode"":""Outdoor"",""district"":""2"",""municipality"":""Richmond Hill"",""special_grouping"":"""",""x_coordinate"":"" 624938.71"",""y_coordinate"":""4857424.08"",""week_day"":""2"",""crime_per_pop"":""0.45"",""crimeprevention"":""https://www.yrp.ca/en/crime-prevention.asp"",""shooting"":"""",""mediarelease"":"""",""mediareleaseflag"":"""",""dems_public_url"":"""",""dems_flag"":""""...",auto_vehicle_theft,high,YRP theft over vehicle
halton-hrps,BREAK AND ENTER SHOP,BREAK AND ENTER SHOP,halton_crime_map_incidents,207,0.1854,1.0221,"{""objectid"":""130"",""case_no"":""202500220457"",""date"":""1753158180000"",""date_utc"":""2025-07-22T04:23:00Z"",""description"":"" BREAK AND ENTER SHOP"",""location"":""APPLEBY LI"",""city"":""BURLINGTON"",""latitude"":""43.392519371198695"",""longitude"":""-79.7884263601433"",""x"":""-79.7884263601433"",""y"":""43.3925193711987"",""globalid"":""a1de55a4-807f-4b10-806c-2c7ff1d6d987"",""source_layer_url"":""https://services2.arcgis.com/o1LYr96CpFkfsDJS/arcgis/rest/services/Crime_Map/FeatureServer/0"",""source_class"":""public_incident_records_...",break_and_enter,high,B&E variants
halton-hrps,RECOVERED VEHICLE OTH SERVICE,RECOVERED VEHICLE OTH SERVICE,halton_crime_map_incidents,205,0.1836,1.0122,"{""objectid"":""15"",""case_no"":""202500216931"",""date"":""1752869700000"",""date_utc"":""2025-07-18T20:15:00Z"",""description"":"" RECOVERED VEHICLE OTH SERVICE"",""location"":""APPLEBY LI"",""city"":""BURLINGTON"",""latitude"":""43.40832776245023"",""longitude"":""-79.8103383745225"",""x"":""-79.8103383745225"",""y"":""43.408327762450227"",""globalid"":""67a7d61c-ab46-4aeb-ae74-0d9b3f91ab6b"",""source_layer_url"":""https://services2.arcgis.com/o1LYr96CpFkfsDJS/arcgis/rest/services/Crime_Map/FeatureServer/0"",""source_class"":""public_incident...",other,low,Manual review — not a crime type
halton-hrps,THEFT OF BICYCLE,THEFT OF BICYCLE,halton_crime_map_incidents,195,0.1746,0.9629,"{""objectid"":""10"",""case_no"":""202500238286"",""date"":""1754512800000"",""date_utc"":""2025-08-06T20:40:00Z"",""description"":"" THEFT OF BICYCLE"",""location"":""APPLEBY LI"",""city"":""BURLINGTON"",""latitude"":""43.3948870678983"",""longitude"":""-79.79193531670094"",""x"":""-79.791935316700958"",""y"":""43.394887067898296"",""globalid"":""35e31732-766c-46b1-9f96-3c9e8d797201"",""source_layer_url"":""https://services2.arcgis.com/o1LYr96CpFkfsDJS/arcgis/rest/services/Crime_Map/FeatureServer/0"",""source_class"":""public_incident_records_cr...",theft_other,high,Theft labels outside major Phase 1 families
yrp,Liquor - Other Offences,Provincial Offences,yrp_community_safety_incidents,190,0.1702,0.2829,"{""objectid"":""49361"",""uniqueidentifier"":""2025_78546_1"",""occ_time"":""22"",""case_type_pubtrans"":""Liquor - Other Offences"",""case_category1"":""Secondary"",""locationcode"":""Outdoor"",""district"":""5"",""municipality"":""Markham"",""special_grouping"":"""",""x_coordinate"":"" 640019.68"",""y_coordinate"":""4858276.21"",""week_day"":""1"",""crime_per_pop"":""0.27"",""crimeprevention"":""https://www.yrp.ca/en/crime-prevention.asp"",""shooting"":"""",""mediarelease"":"""",""mediareleaseflag"":"""",""dems_public_url"":"""",""dems_flag"":"""",""occ_id"":""2025_78...",other,low,Manual review
yrp,Public Mischief,other,yrp_community_safety_incidents,185,0.1657,0.2755,"{""objectid"":""133476"",""uniqueidentifier"":""2025_21496_1"",""occ_time"":""3"",""case_type_pubtrans"":""Public Mischief"",""case_category1"":""Secondary"",""locationcode"":""Outdoor"",""district"":""5"",""municipality"":""Markham"",""special_grouping"":"""",""x_coordinate"":"" 633593.06"",""y_coordinate"":""4856819.81"",""week_day"":""7"",""crime_per_pop"":""0.27"",""crimeprevention"":""https://www.yrp.ca/en/crime-prevention.asp"",""shooting"":"""",""mediarelease"":"""",""mediareleaseflag"":"""",""dems_public_url"":"""",""dems_flag"":"""",""occ_id"":""2025_21496"",""ha...",mischief_property_damage,high,YRP mischief labels
yrp,Public Morals,Public Morals,yrp_community_safety_incidents,172,0.1540,0.2561,"{""objectid"":""270"",""uniqueidentifier"":""2025_800093_1"",""occ_time"":""20"",""case_type_pubtrans"":""Public Morals"",""case_category1"":""Secondary"",""locationcode"":""Outdoor"",""district"":""4"",""municipality"":""Vaughan"",""special_grouping"":"""",""x_coordinate"":"" 610508.66"",""y_coordinate"":""4855743.75"",""week_day"":""6"",""crime_per_pop"":""0.27"",""crimeprevention"":""https://www.yrp.ca/en/crime-prevention/Stop-Sex-Trafficking.asp"",""shooting"":"""",""mediarelease"":"""",""mediareleaseflag"":"""",""dems_public_url"":"""",""dems_flag"":"""",""occ_id...",other_criminal_code,low,Manual review
hamilton-hps,Theft Over $5000 - FROM Motor Vehicle - NO Damage,other,hamilton_communitycrimemap_hps_only,165,0.1478,0.7722,"{""source_provider"":""LexisNexis Community Crime Map"",""jurisdiction"":""hamilton-hps"",""source_pin_key"":""EVE13569902215404510299:3423509461"",""entityid"":""EVE13569902215404510299:3423509461"",""referenceid"":""100023002000000625955453"",""agencyid"":""Hamilton"",""agency"":""Hamilton Police Service"",""ucrgroup"":""17"",""class_raw"":""17"",""datetime_raw"":""2021-09-18 07:30:00.000"",""latitude"":""43.28721868758585"",""longitude"":""-79.88228272576222"",""geohash"":""dpxnq0pq"",""distance"":""9.46"",""mo_ucrgroup"":""17"",""mo_class"":""Burglar...",theft_from_vehicle,high,Theft from MV labels
yrp,Mischief - Obstruct / Interrupts / Interferes,other,yrp_community_safety_incidents,161,0.1442,0.2398,"{""objectid"":""39893"",""uniqueidentifier"":""2025_34_1"",""occ_time"":""0"",""case_type_pubtrans"":""Mischief - Obstruct / Interrupts / Interferes"",""case_category1"":""Secondary"",""locationcode"":""Business"",""district"":""5"",""municipality"":""Markham"",""special_grouping"":"""",""x_coordinate"":"" 635675.24"",""y_coordinate"":""4858684.06"",""week_day"":""3"",""crime_per_pop"":""0.27"",""crimeprevention"":""https://www.yrp.ca/en/crime-prevention.asp"",""shooting"":"""",""mediarelease"":"""",""mediareleaseflag"":"""",""dems_public_url"":"""",""dems_flag"":""...",mischief_property_damage,high,YRP mischief labels
yrp,Liquor - Intoxicated,Provincial Offences,yrp_community_safety_incidents,158,0.1415,0.2353,"{""objectid"":""96741"",""uniqueidentifier"":""2025_106362_1"",""occ_time"":""21"",""case_type_pubtrans"":""Liquor - Intoxicated"",""case_category1"":""Secondary"",""locationcode"":""Business"",""district"":""1"",""municipality"":""Newmarket"",""special_grouping"":"""",""x_coordinate"":"" 625581.58"",""y_coordinate"":""4880374.88"",""week_day"":""4"",""crime_per_pop"":""1.06"",""crimeprevention"":""https://www.yrp.ca/en/crime-prevention.asp"",""shooting"":"""",""mediarelease"":"""",""mediareleaseflag"":"""",""dems_public_url"":"""",""dems_flag"":"""",""occ_id"":""2025_1...",other,low,Manual review
halton-hrps,OFFENSIVE WEAPONS,OFFENSIVE WEAPONS,halton_crime_map_incidents,153,0.1370,0.7555,"{""objectid"":""81"",""case_no"":""202500322735"",""date"":""1761245640000"",""date_utc"":""2025-10-23T18:54:00Z"",""description"":"" OFFENSIVE WEAPONS"",""location"":""APPLEBY LI"",""city"":""BURLINGTON"",""latitude"":""43.429487181156325"",""longitude"":""-79.83941665736911"",""x"":""-79.839416657369128"",""y"":""43.429487181156318"",""globalid"":""529eba0f-d23c-4a30-adc4-ba8a7ceb92e8"",""source_layer_url"":""https://services2.arcgis.com/o1LYr96CpFkfsDJS/arcgis/rest/services/Crime_Map/FeatureServer/0"",""source_class"":""public_incident_records...",weapons,high,Explicit weapons label
yrp,Mischief To Property - Graffiti,other,yrp_community_safety_incidents,153,0.1370,0.2278,"{""objectid"":""178099"",""uniqueidentifier"":""2025_144129_1"",""occ_time"":""12"",""case_type_pubtrans"":""Mischief To Property - Graffiti"",""case_category1"":""Secondary"",""locationcode"":""Outdoor"",""district"":""4"",""municipality"":""Vaughan"",""special_grouping"":"""",""x_coordinate"":"" 614012.76"",""y_coordinate"":""4855942.59"",""week_day"":""1"",""crime_per_pop"":""0.27"",""crimeprevention"":""https://www.yrp.ca/en/crime-prevention.asp"",""shooting"":"""",""mediarelease"":"""",""mediareleaseflag"":"""",""dems_public_url"":"""",""dems_flag"":"""",""occ_id...",mischief_property_damage,high,YRP mischief labels
halton-hrps,FEDERAL STATS - DRUGS,FEDERAL STATS - DRUGS,halton_crime_map_incidents,115,0.1030,0.5678,"{""objectid"":""95"",""case_no"":""202600037372"",""date"":""1770369780000"",""date_utc"":""2026-02-06T09:23:00Z"",""description"":"" FEDERAL STATS - DRUGS"",""location"":""APPLEBY LI"",""city"":""BURLINGTON"",""latitude"":""43.3948870678983"",""longitude"":""-79.79193531670094"",""x"":""-79.791935316700958"",""y"":""43.394887067898296"",""globalid"":""574c6711-d629-4576-956f-a601bdd46cd4"",""source_layer_url"":""https://services2.arcgis.com/o1LYr96CpFkfsDJS/arcgis/rest/services/Crime_Map/FeatureServer/0"",""source_class"":""public_incident_recor...",drugs,high,Drug stats label
hamilton-hps,Theft Over $5000 - FROM Motor Vehicle - Damage,other,hamilton_communitycrimemap_hps_only,110,0.0985,0.5148,"{""source_provider"":""LexisNexis Community Crime Map"",""jurisdiction"":""hamilton-hps"",""source_pin_key"":""EVE8899800205566908842:3426177477"",""entityid"":""EVE8899800205566908842:3426177477"",""referenceid"":""100023002000000631282067"",""agencyid"":""Hamilton"",""agency"":""Hamilton Police Service"",""ucrgroup"":""17"",""class_raw"":""17"",""datetime_raw"":""2021-09-29 00:00:00.000"",""latitude"":""43.176547678283136"",""longitude"":""-79.90619667048351"",""geohash"":""dpxjtsn1"",""distance"":""4.01"",""mo_ucrgroup"":""17"",""mo_class"":""Burglary...",theft_from_vehicle,high,Theft from MV labels
yrp,Theft Over $5000 - Shoplifting,other,yrp_community_safety_incidents,106,0.0949,0.1578,"{""objectid"":""66777"",""uniqueidentifier"":""2025_12611_1"",""occ_time"":""17"",""case_type_pubtrans"":""Theft Over $5000 - Shoplifting"",""case_category1"":""Primary"",""locationcode"":""Business"",""district"":""2"",""municipality"":""Richmond Hill"",""special_grouping"":"""",""x_coordinate"":"" 625456.70"",""y_coordinate"":""4856942.21"",""week_day"":""5"",""crime_per_pop"":""0.45"",""crimeprevention"":""https://www.yrp.ca/en/crime-prevention.asp"",""shooting"":"""",""mediarelease"":"""",""mediareleaseflag"":"""",""dems_public_url"":"""",""dems_flag"":"""",""occ_...",theft_other,high,YRP theft over variants
yrp,Possession of Break and Enter Instruments,Other Criminal Code,yrp_community_safety_incidents,101,0.0904,0.1504,"{""objectid"":""135669"",""uniqueidentifier"":""2025_46453_1"",""occ_time"":""2"",""case_type_pubtrans"":""Possession of Break and Enter Instruments"",""case_category1"":""Secondary"",""locationcode"":""Outdoor"",""district"":""1"",""municipality"":""East Gwillimbury"",""special_grouping"":"""",""x_coordinate"":"" 622271.11"",""y_coordinate"":""4886497.03"",""week_day"":""1"",""crime_per_pop"":""2.38"",""crimeprevention"":""https://www.yrp.ca/en/crime-prevention.asp"",""shooting"":"""",""mediarelease"":"""",""mediareleaseflag"":"""",""dems_public_url"":"""",""dems...",other_criminal_code,low,Manual review
yrp,Trespass By Night,Other Criminal Code,yrp_community_safety_incidents,96,0.0860,0.1430,"{""objectid"":""25707"",""uniqueidentifier"":""2025_4657_1"",""occ_time"":""0"",""case_type_pubtrans"":""Trespass By Night"",""case_category1"":""Secondary"",""locationcode"":""Residence"",""district"":""5"",""municipality"":""Whitchurch-Stouffville"",""special_grouping"":"""",""x_coordinate"":"" 636522.97"",""y_coordinate"":""4876343.22"",""week_day"":""7"",""crime_per_pop"":""1.74"",""crimeprevention"":""https://www.yrp.ca/en/crime-prevention.asp"",""shooting"":"""",""mediarelease"":"""",""mediareleaseflag"":"""",""dems_public_url"":"""",""dems_flag"":"""",""occ_id""...",other_criminal_code,low,Manual review
yrp,Mischief - Religious Property - Hate,other,yrp_community_safety_incidents,91,0.0815,0.1355,"{""objectid"":""178883"",""uniqueidentifier"":""2025_95162_1"",""occ_time"":""11"",""case_type_pubtrans"":""Mischief - Religious Property - Hate"",""case_category1"":""Secondary"",""locationcode"":""Outdoor"",""district"":""4"",""municipality"":""Vaughan"",""special_grouping"":"""",""x_coordinate"":"" 615911.67"",""y_coordinate"":""4854491.36"",""week_day"":""2"",""crime_per_pop"":""0.27"",""crimeprevention"":""https://www.yrp.ca/en/crime-prevention.asp"",""shooting"":"""",""mediarelease"":"""",""mediareleaseflag"":"""",""dems_public_url"":"""",""dems_flag"":"""",""oc...",mischief_property_damage,high,YRP mischief labels
yrp,Theft Over $5000 - Take Vehicle Without Consent,other,yrp_community_safety_incidents,91,0.0815,0.1355,"{""objectid"":""62205"",""uniqueidentifier"":""2025_58714_1"",""occ_time"":""19"",""case_type_pubtrans"":""Theft Over $5000 - Take Vehicle Without Consent"",""case_category1"":""Primary"",""locationcode"":""Outdoor"",""district"":""2"",""municipality"":""Vaughan"",""special_grouping"":"""",""x_coordinate"":"" 625332.64"",""y_coordinate"":""4850310.94"",""week_day"":""5"",""crime_per_pop"":""0.27"",""crimeprevention"":""https://www.yrp.ca/en/crime-prevention.asp"",""shooting"":"""",""mediarelease"":"""",""mediareleaseflag"":"""",""dems_public_url"":"""",""dems_flag...",auto_vehicle_theft,high,YRP theft over vehicle
yrp,Assaults - Other,Assaults,yrp_community_safety_incidents,81,0.0725,0.1206,"{""objectid"":""148092"",""uniqueidentifier"":""2025_23386_1"",""occ_time"":""17"",""case_type_pubtrans"":""Assaults - Other"",""case_category1"":""Primary"",""locationcode"":""Business"",""district"":""4"",""municipality"":""Vaughan"",""special_grouping"":"""",""x_coordinate"":"" 617453.68"",""y_coordinate"":""4853953.22"",""week_day"":""1"",""crime_per_pop"":""0.27"",""crimeprevention"":""https://www.yrp.ca/en/crime-prevention.asp"",""shooting"":"""",""mediarelease"":"""",""mediareleaseflag"":"""",""dems_public_url"":"""",""dems_flag"":"""",""occ_id"":""2025_23386"",""h...",assault,high,YRP assaults
yrp,Proceeds Of Crime,Other Criminal Code,yrp_community_safety_incidents,77,0.0690,0.1147,"{""objectid"":""555"",""uniqueidentifier"":""2025_84132_1"",""occ_time"":""15"",""case_type_pubtrans"":""Proceeds Of Crime"",""case_category1"":""Secondary"",""locationcode"":""Residence"",""district"":""5"",""municipality"":""Markham"",""special_grouping"":"""",""x_coordinate"":"" 636524.46"",""y_coordinate"":""4861222.31"",""week_day"":""3"",""crime_per_pop"":""0.27"",""crimeprevention"":""https://www.yrp.ca/en/crime-prevention.asp"",""shooting"":"""",""mediarelease"":"""",""mediareleaseflag"":"""",""dems_public_url"":"""",""dems_flag"":"""",""occ_id"":""2025_84132"",""...",other_criminal_code,low,Manual review
yrp,Theft Under $5000 - Vehicle,other,yrp_community_safety_incidents,70,0.0627,0.1042,"{""objectid"":""122707"",""uniqueidentifier"":""2025_40826_1"",""occ_time"":""17"",""case_type_pubtrans"":""Theft Under $5000 - Vehicle"",""case_category1"":""Primary"",""locationcode"":""Residence"",""district"":""3"",""municipality"":""Georgina"",""special_grouping"":"""",""x_coordinate"":"" 622315.75"",""y_coordinate"":""4895100.82"",""week_day"":""7"",""crime_per_pop"":""1.87"",""crimeprevention"":""https://www.yrp.ca/en/crime-prevention.asp"",""shooting"":"""",""mediarelease"":"""",""mediareleaseflag"":"""",""dems_public_url"":"""",""dems_flag"":"""",""occ_id"":""2...",theft_other,high,YRP theft under variants
peel-prp,Cybercrime - Mischief to Data/Ransomware/Malware - Denial of Service/Webpage Defacement,other,peel_ecrimes_incidents,65,0.0582,0.0789,"{""objectid"":""203"",""occurrencenumber"":""PR240061120"",""occurrencedate"":""09/02/2024"",""occurrencetime"":""00:00:00"",""occdate"":""1707436800000"",""occdateutc"":""1707451200000"",""occurrenceweekday"":""Friday"",""occurrencehour"":""0"",""occmonth"":""February"",""occyear"":""2024"",""description"":""Cybercrime - Mischief to Data/Ransomware/Malware - Denial of Service/Webpage Defacement"",""clearancestatus"":""Unsolved"",""streetname"":""SOUTHDOWN"",""streettype"":""RD"",""municipality"":""MISSISSAUGA"",""patrolzone"":""11120"",""division"":""11"",""o...",mischief_property_damage,medium,"13,948+ rows — review before public MVP"
yrp,Firearms / Other Offensive Weapons,Other Criminal Code,yrp_community_safety_incidents,58,0.0519,0.0864,"{""objectid"":""148672"",""uniqueidentifier"":""2025_117253_1"",""occ_time"":""18"",""case_type_pubtrans"":""Firearms / Other Offensive Weapons"",""case_category1"":""Secondary"",""locationcode"":""Outdoor"",""district"":""4"",""municipality"":""Vaughan"",""special_grouping"":""Violent Crime"",""x_coordinate"":"" 617453.68"",""y_coordinate"":""4853953.22"",""week_day"":""6"",""crime_per_pop"":""0.27"",""crimeprevention"":""https://www.yrp.ca/en/crime-prevention.asp"",""shooting"":"""",""mediarelease"":"""",""mediareleaseflag"":"""",""dems_public_url"":"""",""dems_...",other_criminal_code,low,Manual review
peel-prp,Altering/destroying/removing a vehicle identification number,other,peel_ecrimes_incidents,56,0.0502,0.0680,"{""objectid"":""818"",""occurrencenumber"":""PR250256316"",""occurrencedate"":""13/08/2025"",""occurrencetime"":""08:10:00"",""occdate"":""1755072600000"",""occdateutc"":""1755087000000"",""occurrenceweekday"":""Wednesday"",""occurrencehour"":""8"",""occmonth"":""August"",""occyear"":""2025"",""description"":""Altering/destroying/removing a vehicle identification number"",""clearancestatus"":""Unsolved"",""streetname"":""SOUTHDOWN"",""streettype"":""RD"",""municipality"":""MISSISSAUGA"",""patrolzone"":""11110"",""division"":""11"",""occtype"":""MIS"",""ward"":""M2"",...",other,low,No high-confidence patch; retain other pending review
yrp,Unlawfully In A Dwelling,Break and Enter - Other,yrp_community_safety_incidents,54,0.0484,0.0804,"{""objectid"":""120911"",""uniqueidentifier"":""2025_107934_1"",""occ_time"":""0"",""case_type_pubtrans"":""Unlawfully In A Dwelling"",""case_category1"":""Secondary"",""locationcode"":""Residence"",""district"":""3"",""municipality"":""Georgina"",""special_grouping"":"""",""x_coordinate"":"" 630334.16"",""y_coordinate"":""4903356.03"",""week_day"":""6"",""crime_per_pop"":""1.87"",""crimeprevention"":""https://www.yrp.ca/en/crime-prevention/Break-and-Enter-Prevention.asp"",""shooting"":"""",""mediarelease"":"""",""mediareleaseflag"":"""",""dems_public_url"":"""",...",other,low,No high-confidence patch; retain other pending review
tps,Theft - Misapprop Funds Over,other,tps_processed_v1,47,0.0421,0.0081,"{""record_key"":""theft-over-open-data:90"",""source_record_id"":""90"",""event_unique_id"":""GO-20141467838"",""dataset_slug"":""theft-over-open-data"",""report_date"":""2014-02-04"",""occ_date"":""2013-06-01"",""occ_year"":""2013"",""occ_month"":""June"",""occ_dow"":""Saturday"",""occ_hour"":""8"",""division"":""D43"",""location_type"":""Dealership (Car, Motorcycle, Marine, Trailer, Etc.)"",""premises_type"":""Commercial"",""offence"":""Theft - Misapprop Funds Over"",""csi_category"":""Theft Over"",""hood_158"":""136"",""neighbourhood_158"":""West Hill (13...",theft_other,high,Reclassify from generic other to theft_other
yrp,Weapons - Possession Contrary To Order,Weapons Violations,yrp_community_safety_incidents,44,0.0394,0.0655,"{""objectid"":""64792"",""uniqueidentifier"":""2025_881_1"",""occ_time"":""21"",""case_type_pubtrans"":""Weapons - Possession Contrary To Order"",""case_category1"":""Primary"",""locationcode"":""Outdoor"",""district"":""3"",""municipality"":""Georgina"",""special_grouping"":"""",""x_coordinate"":"" 622161.94"",""y_coordinate"":""4900117.04"",""week_day"":""3"",""crime_per_pop"":""1.87"",""crimeprevention"":""https://www.yrp.ca/en/crime-prevention.asp"",""shooting"":"""",""mediarelease"":"""",""mediareleaseflag"":"""",""dems_public_url"":"""",""dems_flag"":"""",""occ_...",weapons,high,YRP weapons
yrp,Weapons - Unsafe Storage,Weapons Violations,yrp_community_safety_incidents,44,0.0394,0.0655,"{""objectid"":""64910"",""uniqueidentifier"":""2025_331755_1"",""occ_time"":""0"",""case_type_pubtrans"":""Weapons - Unsafe Storage"",""case_category1"":""Primary"",""locationcode"":""Residence"",""district"":""4"",""municipality"":""Vaughan"",""special_grouping"":"""",""x_coordinate"":"" 614307.52"",""y_coordinate"":""4848935.51"",""week_day"":""4"",""crime_per_pop"":""0.27"",""crimeprevention"":""https://www.yrp.ca/en/crime-prevention.asp"",""shooting"":"""",""mediarelease"":"""",""mediareleaseflag"":"""",""dems_public_url"":"""",""dems_flag"":"""",""occ_id"":""2025_3...",weapons,high,YRP weapons
halton-hrps,"PROPERTY DAMAGE OVER $5,000","PROPERTY DAMAGE OVER $5,000",halton_crime_map_incidents,39,0.0349,0.1926,"{""objectid"":""592"",""case_no"":""202500227598"",""date"":""1753435800000"",""date_utc"":""2025-07-25T09:30:00Z"",""description"":"" PROPERTY DAMAGE OVER $5,000"",""location"":""SPEERS RD"",""city"":""OAKVILLE"",""latitude"":""43.44030649958715"",""longitude"":""-79.69368515708466"",""x"":""-79.693685157084658"",""y"":""43.440306499587138"",""globalid"":""cda3acb1-a345-41e0-ab5d-acc86cf7ef15"",""source_layer_url"":""https://services2.arcgis.com/o1LYr96CpFkfsDJS/arcgis/rest/services/Crime_Map/FeatureServer/0"",""source_class"":""public_incident_...",mischief_property_damage,high,Property damage is mischief/property damage family
yrp,Personate Peace Officer,Other Criminal Code,yrp_community_safety_incidents,37,0.0331,0.0551,"{""objectid"":""152252"",""uniqueidentifier"":""2025_176281_1"",""occ_time"":""23"",""case_type_pubtrans"":""Personate Peace Officer"",""case_category1"":""Secondary"",""locationcode"":""Outdoor"",""district"":""1"",""municipality"":""Aurora"",""special_grouping"":"""",""x_coordinate"":"" 621543.00"",""y_coordinate"":""4869567.11"",""week_day"":""6"",""crime_per_pop"":""1.51"",""crimeprevention"":""https://www.yrp.ca/en/crime-prevention.asp"",""shooting"":"""",""mediarelease"":"""",""mediareleaseflag"":"""",""dems_public_url"":"""",""dems_flag"":"""",""occ_id"":""2025_1...",other_criminal_code,low,Manual review
yrp,Mischief - Conceal / Corrupt Data,other,yrp_community_safety_incidents,25,0.0224,0.0372,"{""objectid"":""152035"",""uniqueidentifier"":""2025_242371_1"",""occ_time"":""18"",""case_type_pubtrans"":""Mischief - Conceal / Corrupt Data"",""case_category1"":""Secondary"",""locationcode"":""Business"",""district"":""4"",""municipality"":""Vaughan"",""special_grouping"":"""",""x_coordinate"":"" 616736.45"",""y_coordinate"":""4847314.06"",""week_day"":""1"",""crime_per_pop"":""0.27"",""crimeprevention"":""https://www.yrp.ca/en/crime-prevention.asp"",""shooting"":"""",""mediarelease"":"""",""mediareleaseflag"":"""",""dems_public_url"":"""",""dems_flag"":"""",""occ...",mischief_property_damage,high,YRP mischief labels
yrp,Escape Custody,Other Criminal Code,yrp_community_safety_incidents,19,0.0170,0.0283,"{""objectid"":""117679"",""uniqueidentifier"":""2026_16346_1"",""occ_time"":""11"",""case_type_pubtrans"":""Escape Custody"",""case_category1"":""Secondary"",""locationcode"":""Outdoor"",""district"":""2"",""municipality"":""Richmond Hill"",""special_grouping"":"""",""x_coordinate"":"" 625503.95"",""y_coordinate"":""4859103.42"",""week_day"":""3"",""crime_per_pop"":""0.45"",""crimeprevention"":""https://www.yrp.ca/en/crime-prevention.asp"",""shooting"":"""",""mediarelease"":"""",""mediareleaseflag"":"""",""dems_public_url"":"""",""dems_flag"":"""",""occ_id"":""2026_1634...",other_criminal_code,low,Manual review
halton-hrps,DANGEROUS OPERATION - TRAFFIC,DANGEROUS OPERATION - TRAFFIC,halton_crime_map_incidents,17,0.0152,0.0839,"{""objectid"":""630"",""case_no"":""202600157482"",""date"":""1780095094000"",""date_utc"":""2026-05-29T22:51:34Z"",""description"":"" DANGEROUS OPERATION - TRAFFIC"",""location"":""SPEERS RD"",""city"":""OAKVILLE"",""latitude"":""43.44503085742039"",""longitude"":""-79.68866630394344"",""x"":""-79.688666303943435"",""y"":""43.445030857420385"",""globalid"":""830b33ef-e69e-4121-abcd-93dce8d00df8"",""source_layer_url"":""https://services2.arcgis.com/o1LYr96CpFkfsDJS/arcgis/rest/services/Crime_Map/FeatureServer/0"",""source_class"":""public_inciden...",traffic_collisions,medium,Could also be impaired_driving; review if needed
yrp,Mischief To Property - Election Sign,other,yrp_community_safety_incidents,17,0.0152,0.0253,"{""objectid"":""150101"",""uniqueidentifier"":""2025_114680_1"",""occ_time"":""15"",""case_type_pubtrans"":""Mischief To Property - Election Sign"",""case_category1"":""Secondary"",""locationcode"":""Outdoor"",""district"":""5"",""municipality"":""Markham"",""special_grouping"":"""",""x_coordinate"":"" 636914.05"",""y_coordinate"":""4853950.66"",""week_day"":""3"",""crime_per_pop"":""0.27"",""crimeprevention"":""https://www.yrp.ca/en/crime-prevention.asp"",""shooting"":"""",""mediarelease"":"""",""mediareleaseflag"":"""",""dems_public_url"":"""",""dems_flag"":"""",""o...",mischief_property_damage,high,YRP mischief labels
halton-hrps,MVC - FATALITY,MVC - FATALITY,halton_crime_map_incidents,15,0.0134,0.0741,"{""objectid"":""136"",""case_no"":""202500315925"",""date"":""1760696940000"",""date_utc"":""2025-10-17T10:29:00Z"",""description"":"" MVC - FATALITY"",""location"":""APPLEBY LI"",""city"":""BURLINGTON"",""latitude"":""43.38088523212828"",""longitude"":""-79.7719234051051"",""x"":""-79.771923405105113"",""y"":""43.380885232128271"",""globalid"":""184a2296-c8ee-439d-9d4f-044d052e19bb"",""source_layer_url"":""https://services2.arcgis.com/o1LYr96CpFkfsDJS/arcgis/rest/services/Crime_Map/FeatureServer/0"",""source_class"":""public_incident_records_cri...",traffic_collisions,high,MVC labels are traffic collisions not generic crime
yrp,Weapons - Trafficking,Weapons Violations,yrp_community_safety_incidents,14,0.0125,0.0208,"{""objectid"":""117677"",""uniqueidentifier"":""2025_20003_1"",""occ_time"":""21"",""case_type_pubtrans"":""Weapons - Trafficking"",""case_category1"":""Primary"",""locationcode"":"""",""district"":""1"",""municipality"":""Newmarket"",""special_grouping"":"""",""x_coordinate"":"" 621842.56"",""y_coordinate"":""4880110.17"",""week_day"":""4"",""crime_per_pop"":""1.06"",""crimeprevention"":""https://www.yrp.ca/en/crime-prevention.asp"",""shooting"":"""",""mediarelease"":"""",""mediareleaseflag"":"""",""dems_public_url"":"""",""dems_flag"":"""",""occ_id"":""2025_20003"",""ha...",weapons,high,YRP weapons
yrp,Break and Enter  - Schools,Break and Enter - Other,yrp_community_safety_incidents,11,0.0099,0.0164,"{""objectid"":""15"",""uniqueidentifier"":""2025_32113_1"",""occ_time"":""10"",""case_type_pubtrans"":""Break and Enter  - Schools"",""case_category1"":""Secondary"",""locationcode"":""Business"",""district"":""2"",""municipality"":""Richmond Hill"",""special_grouping"":"""",""x_coordinate"":"" 630033.75"",""y_coordinate"":""4855874.63"",""week_day"":""2"",""crime_per_pop"":""0.45"",""crimeprevention"":""https://www.yrp.ca/en/crime-prevention/Break-and-Enter-Prevention.asp"",""shooting"":"""",""mediarelease"":"""",""mediareleaseflag"":"""",""dems_public_url"":""...",break_and_enter,high,YRP break and enter label variant
yrp,Trafficking Stolen Goods Under $5000,Other Property Crime,yrp_community_safety_incidents,11,0.0099,0.0164,"{""objectid"":""21317"",""uniqueidentifier"":""2025_49076_1"",""occ_time"":""11"",""case_type_pubtrans"":""Trafficking Stolen Goods Under $5000"",""case_category1"":""Secondary"",""locationcode"":""Business"",""district"":""2"",""municipality"":""Richmond Hill"",""special_grouping"":"""",""x_coordinate"":"" 626718.85"",""y_coordinate"":""4855625.99"",""week_day"":""3"",""crime_per_pop"":""0.45"",""crimeprevention"":""https://www.yrp.ca/en/crime-prevention.asp"",""shooting"":"""",""mediarelease"":"""",""mediareleaseflag"":"""",""dems_public_url"":"""",""dems_flag"":...",other_criminal_code,low,Manual review
yrp,Operation While Impaired Unspecified,other,yrp_community_safety_incidents,10,0.0090,0.0149,"{""objectid"":""60571"",""uniqueidentifier"":""2025_60023_1"",""occ_time"":""23"",""case_type_pubtrans"":""Operation While Impaired Unspecified"",""case_category1"":""Primary"",""locationcode"":""Outdoor"",""district"":""1"",""municipality"":""Newmarket"",""special_grouping"":"""",""x_coordinate"":"" 621859.08"",""y_coordinate"":""4876265.62"",""week_day"":""6"",""crime_per_pop"":""1.06"",""crimeprevention"":""https://www.yrp.ca/en/crime-prevention/Impaired-Driving.asp"",""shooting"":"""",""mediarelease"":"""",""mediareleaseflag"":"""",""dems_public_url"":"""",""d...",impaired_driving,high,YRP impaired driving labels
halton-hrps,BREAK AND ENTER SCHOOL,BREAK AND ENTER SCHOOL,halton_crime_map_incidents,9,0.0081,0.0444,"{""objectid"":""3514"",""case_no"":""202600049070"",""date"":""1771089840000"",""date_utc"":""2026-02-14T17:24:00Z"",""description"":"" BREAK AND ENTER SCHOOL"",""location"":""PINE GLEN RD"",""city"":""OAKVILLE"",""latitude"":""43.45196634371915"",""longitude"":""-79.75313560550416"",""x"":""-79.75313560550417"",""y"":""43.45196634371915"",""globalid"":""ce6eced3-9be2-4ddc-9e0f-9eda2bdf58a9"",""source_layer_url"":""https://services2.arcgis.com/o1LYr96CpFkfsDJS/arcgis/rest/services/Crime_Map/FeatureServer/0"",""source_class"":""public_incident_rec...",break_and_enter,high,B&E variants
yrp,Other Gaming / Betting - Other,Other Criminal Code,yrp_community_safety_incidents,9,0.0081,0.0134,"{""objectid"":""30878"",""uniqueidentifier"":""2025_384584_1"",""occ_time"":""11"",""case_type_pubtrans"":""Other Gaming / Betting - Other"",""case_category1"":""Secondary"",""locationcode"":""Residence"",""district"":""1"",""municipality"":""King"",""special_grouping"":"""",""x_coordinate"":"" 619765.85"",""y_coordinate"":""4868890.54"",""week_day"":""5"",""crime_per_pop"":""3.38"",""crimeprevention"":""https://www.yrp.ca/en/crime-prevention.asp"",""shooting"":"""",""mediarelease"":"""",""mediareleaseflag"":"""",""dems_public_url"":"""",""dems_flag"":"""",""occ_id"":""...",other_criminal_code,low,Manual review
peel-prp,Hate Motivated Mischief Relating to Property Used By Identifiable Group,other,peel_ecrimes_incidents,8,0.0072,0.0097,"{""objectid"":""2515"",""occurrencenumber"":""PR260145539"",""occurrencedate"":""30/04/2026"",""occurrencetime"":""01:15:00"",""occdate"":""1777511700000"",""occdateutc"":""1777526100000"",""occurrenceweekday"":""Thursday"",""occurrencehour"":""1"",""occmonth"":""April"",""occyear"":""2026"",""description"":""Hate Motivated Mischief Relating to Property Used By Identifiable Group"",""clearancestatus"":""Solved"",""streetname"":""ROCHE"",""streettype"":""CT"",""municipality"":""MISSISSAUGA"",""patrolzone"":""11220"",""division"":""11"",""occtype"":""MIS"",""ward"":""...",mischief_property_damage,medium,"13,948+ rows — review before public MVP"
tps,Theft Of Utilities Over,other,tps_processed_v1,8,0.0072,0.0014,"{""record_key"":""theft-over-open-data:403"",""source_record_id"":""403"",""event_unique_id"":""GO-20142253543"",""dataset_slug"":""theft-over-open-data"",""report_date"":""2014-06-09"",""occ_date"":""2014-06-09"",""occ_year"":""2014"",""occ_month"":""June"",""occ_dow"":""Monday"",""occ_hour"":""14"",""division"":""D12"",""location_type"":""Apartment (Rooming House, Condo)"",""premises_type"":""Apartment"",""offence"":""Theft Of Utilities Over"",""csi_category"":""Theft Over"",""hood_158"":""115"",""neighbourhood_158"":""Mount Dennis (115)"",""hood_140"":""115"",...",theft_other,high,Reclassify from generic other to theft_other
yrp,Mischief - Wilfully Act / Wilfully Omits To Act,other,yrp_community_safety_incidents,8,0.0072,0.0119,"{""objectid"":""204345"",""uniqueidentifier"":""2025_295980_1"",""occ_time"":""11"",""case_type_pubtrans"":""Mischief - Wilfully Act / Wilfully Omits To Act"",""case_category1"":""Secondary"",""locationcode"":""Business"",""district"":""1"",""municipality"":""East Gwillimbury"",""special_grouping"":"""",""x_coordinate"":"" 621330.07"",""y_coordinate"":""4881085.60"",""week_day"":""4"",""crime_per_pop"":""2.38"",""crimeprevention"":""https://www.yrp.ca/en/crime-prevention.asp"",""shooting"":"""",""mediarelease"":"""",""mediareleaseflag"":"""",""dems_public_url""...",mischief_property_damage,high,YRP mischief labels
yrp,Theft Over $5000 - Bicycle,other,yrp_community_safety_incidents,8,0.0072,0.0119,"{""objectid"":""64917"",""uniqueidentifier"":""2025_801024_1"",""occ_time"":""8"",""case_type_pubtrans"":""Theft Over $5000 - Bicycle"",""case_category1"":""Primary"",""locationcode"":""Outdoor"",""district"":""2"",""municipality"":""Richmond Hill"",""special_grouping"":"""",""x_coordinate"":"" 626048.37"",""y_coordinate"":""4857897.12"",""week_day"":""7"",""crime_per_pop"":""0.45"",""crimeprevention"":""https://www.yrp.ca/en/crime-prevention.asp"",""shooting"":"""",""mediarelease"":"""",""mediareleaseflag"":"""",""dems_public_url"":"""",""dems_flag"":"""",""occ_id"":""...",theft_other,high,YRP theft over variants
yrp,Alter / Destroy / Remove VIN Number,other,yrp_community_safety_incidents,7,0.0063,0.0104,"{""objectid"":""152401"",""uniqueidentifier"":""2026_13275_1"",""occ_time"":""0"",""case_type_pubtrans"":""Alter / Destroy / Remove VIN Number"",""case_category1"":""Secondary"",""locationcode"":""Outdoor"",""district"":""4"",""municipality"":""Vaughan"",""special_grouping"":"""",""x_coordinate"":"" 618323.10"",""y_coordinate"":""4847794.75"",""week_day"":""4"",""crime_per_pop"":""0.27"",""crimeprevention"":""https://www.yrp.ca/en/crime-prevention.asp"",""shooting"":"""",""mediarelease"":"""",""mediareleaseflag"":"""",""dems_public_url"":"""",""dems_flag"":"""",""occ_...",other,low,No high-confidence patch; retain other pending review
yrp,Gaming House - Keeper,Other Criminal Code,yrp_community_safety_incidents,7,0.0063,0.0104,"{""objectid"":""42187"",""uniqueidentifier"":""2026_37932_1"",""occ_time"":""0"",""case_type_pubtrans"":""Gaming House - Keeper"",""case_category1"":""Secondary"",""locationcode"":""Business"",""district"":""2"",""municipality"":""Richmond Hill"",""special_grouping"":"""",""x_coordinate"":"" 629602.70"",""y_coordinate"":""4856207.97"",""week_day"":""4"",""crime_per_pop"":""0.45"",""crimeprevention"":""https://www.yrp.ca/en/crime-prevention.asp"",""shooting"":"""",""mediarelease"":"""",""mediareleaseflag"":"""",""dems_public_url"":"""",""dems_flag"":"""",""occ_id"":""202...",other_criminal_code,low,Manual review
yrp,Criminal Negligence Cause Bodily Harm,Assaults,yrp_community_safety_incidents,5,0.0045,0.0074,"{""objectid"":""174670"",""uniqueidentifier"":""2025_49512_1"",""occ_time"":""15"",""case_type_pubtrans"":""Criminal Negligence Cause Bodily Harm"",""case_category1"":""Primary"",""locationcode"":"""",""district"":""1"",""municipality"":""Newmarket"",""special_grouping"":"""",""x_coordinate"":"" 624156.57"",""y_coordinate"":""4879555.17"",""week_day"":""3"",""crime_per_pop"":""1.06"",""crimeprevention"":""https://www.yrp.ca/en/crime-prevention.asp"",""shooting"":"""",""mediarelease"":"""",""mediareleaseflag"":"""",""dems_public_url"":"""",""dems_flag"":"""",""occ_id"":...",assault,high,YRP assaults
yrp,Gaming House - Found In,Other Criminal Code,yrp_community_safety_incidents,5,0.0045,0.0074,"{""objectid"":""117670"",""uniqueidentifier"":""2026_46436_1"",""occ_time"":""23"",""case_type_pubtrans"":""Gaming House - Found In"",""case_category1"":""Secondary"",""locationcode"":""Business"",""district"":""5"",""municipality"":""Markham"",""special_grouping"":"""",""x_coordinate"":"" 636423.00"",""y_coordinate"":""4857454.55"",""week_day"":""6"",""crime_per_pop"":""0.27"",""crimeprevention"":""https://www.yrp.ca/en/crime-prevention.asp"",""shooting"":"""",""mediarelease"":"""",""mediareleaseflag"":"""",""dems_public_url"":"""",""dems_flag"":"""",""occ_id"":""2026_...",other_criminal_code,low,Manual review
yrp,Prisoner Unlawfully At Large,Other Criminal Code,yrp_community_safety_incidents,4,0.0036,0.0060,"{""objectid"":""227267"",""uniqueidentifier"":""2025_383631_2"",""occ_time"":""15"",""case_type_pubtrans"":""Prisoner Unlawfully At Large"",""case_category1"":""Secondary"",""locationcode"":""Residence"",""district"":""1"",""municipality"":""Newmarket"",""special_grouping"":"""",""x_coordinate"":"" 623904.51"",""y_coordinate"":""4880496.04"",""week_day"":""3"",""crime_per_pop"":""1.06"",""crimeprevention"":""https://www.yrp.ca/en/crime-prevention.asp"",""shooting"":"""",""mediarelease"":"""",""mediareleaseflag"":"""",""dems_public_url"":"""",""dems_flag"":"""",""occ_i...",other_criminal_code,low,Manual review
yrp,Weapons - Firearms Documents / Admininstation,Weapons Violations,yrp_community_safety_incidents,4,0.0036,0.0060,"{""objectid"":""32766"",""uniqueidentifier"":""2026_178344_1"",""occ_time"":""22"",""case_type_pubtrans"":""Weapons - Firearms Documents / Admininstation"",""case_category1"":""Primary"",""locationcode"":""Residence"",""district"":""4"",""municipality"":""Vaughan"",""special_grouping"":"""",""x_coordinate"":"" 616866.91"",""y_coordinate"":""4849506.96"",""week_day"":""3"",""crime_per_pop"":""0.27"",""crimeprevention"":""https://www.yrp.ca/en/crime-prevention.asp"",""shooting"":"""",""mediarelease"":"""",""mediareleaseflag"":"""",""dems_public_url"":"""",""dems_fla...",weapons,high,YRP weapons
yrp,Theft Under $5000 - Take Vehicle Without Consent,other,yrp_community_safety_incidents,3,0.0027,0.0045,"{""objectid"":""19823"",""uniqueidentifier"":""2025_69823_1"",""occ_time"":""10"",""case_type_pubtrans"":""Theft Under $5000 - Take Vehicle Without Consent"",""case_category1"":""Primary"",""locationcode"":""Residence"",""district"":""4"",""municipality"":""Vaughan"",""special_grouping"":"""",""x_coordinate"":"" 622888.42"",""y_coordinate"":""4854828.50"",""week_day"":""1"",""crime_per_pop"":""0.27"",""crimeprevention"":""https://www.yrp.ca/en/crime-prevention.asp"",""shooting"":"""",""mediarelease"":"""",""mediareleaseflag"":"""",""dems_public_url"":"""",""dems_f...",theft_other,high,YRP theft under variants
yrp,Theft Under $5000- Election Sign,other,yrp_community_safety_incidents,3,0.0027,0.0045,"{""objectid"":""62506"",""uniqueidentifier"":""2025_114676_1"",""occ_time"":""15"",""case_type_pubtrans"":""Theft Under $5000- Election Sign"",""case_category1"":""Secondary"",""locationcode"":""Outdoor"",""district"":""5"",""municipality"":""Markham"",""special_grouping"":"""",""x_coordinate"":"" 637354.79"",""y_coordinate"":""4854101.65"",""week_day"":""3"",""crime_per_pop"":""0.27"",""crimeprevention"":""https://www.yrp.ca/en/crime-prevention.asp"",""shooting"":"""",""mediarelease"":"""",""mediareleaseflag"":"""",""dems_public_url"":"""",""dems_flag"":"""",""occ_id...",theft_other,high,YRP theft under variants
yrp,Weapons -Import / Export,Weapons Violations,yrp_community_safety_incidents,3,0.0027,0.0045,"{""objectid"":""118158"",""uniqueidentifier"":""2025_286903_1"",""occ_time"":""11"",""case_type_pubtrans"":""Weapons -Import / Export"",""case_category1"":""Primary"",""locationcode"":""Residence"",""district"":""1"",""municipality"":""King"",""special_grouping"":"""",""x_coordinate"":"" 615175.14"",""y_coordinate"":""4880154.63"",""week_day"":""3"",""crime_per_pop"":""3.38"",""crimeprevention"":""https://www.yrp.ca/en/crime-prevention.asp"",""shooting"":"""",""mediarelease"":"""",""mediareleaseflag"":"""",""dems_public_url"":"""",""dems_flag"":"""",""occ_id"":""2025_28...",weapons,high,YRP weapons
peel-prp,Mischief in relation to cultural property,other,peel_ecrimes_incidents,2,0.0018,0.0024,"{""objectid"":""60101"",""occurrencenumber"":""PR240313274"",""occurrencedate"":""27/09/2024"",""occurrencetime"":""00:00:00"",""occdate"":""1727395200000"",""occdateutc"":""1727409600000"",""occurrenceweekday"":""Friday"",""occurrencehour"":""0"",""occmonth"":""September"",""occyear"":""2024"",""description"":""Mischief in relation to cultural property"",""clearancestatus"":""Ongoing"",""streetname"":""DREW"",""streettype"":""RD"",""municipality"":""MISSISSAUGA"",""patrolzone"":""31510"",""division"":""31"",""occtype"":""MIS"",""ward"":""M5"",""longitude"":""-79.651899...",mischief_property_damage,medium,"13,948+ rows — review before public MVP"
yrp,Impaired Alcohol Cause Bodily Harm / Over 80,other,yrp_community_safety_incidents,2,0.0018,0.0030,"{""objectid"":""223767"",""uniqueidentifier"":""2025_83428_2"",""occ_time"":""20"",""case_type_pubtrans"":""Impaired Alcohol Cause Bodily Harm / Over 80"",""case_category1"":""Primary"",""locationcode"":""Outdoor"",""district"":""1"",""municipality"":""East Gwillimbury"",""special_grouping"":"""",""x_coordinate"":"" 619850.81"",""y_coordinate"":""4882904.50"",""week_day"":""5"",""crime_per_pop"":""2.38"",""crimeprevention"":""https://www.yrp.ca/en/crime-prevention/Impaired-Driving.asp"",""shooting"":"""",""mediarelease"":"""",""mediareleaseflag"":"""",""dems_p...",impaired_driving,high,YRP impaired driving labels
yrp,Incite Hatred,Other Criminal Code,yrp_community_safety_incidents,2,0.0018,0.0030,"{""objectid"":""204454"",""uniqueidentifier"":""2025_1187_1"",""occ_time"":""15"",""case_type_pubtrans"":""Incite Hatred"",""case_category1"":""Secondary"",""locationcode"":"""",""district"":""4"",""municipality"":""Vaughan"",""special_grouping"":"""",""x_coordinate"":"" 616392.27"",""y_coordinate"":""4855306.31"",""week_day"":""3"",""crime_per_pop"":""0.27"",""crimeprevention"":""https://www.yrp.ca/en/crime-prevention.asp"",""shooting"":"""",""mediarelease"":"""",""mediareleaseflag"":"""",""dems_public_url"":"""",""dems_flag"":"""",""occ_id"":""2025_1187"",""hate_crime"":...",other_criminal_code,low,Manual review
yrp,Fail / Refuse With Demand Unspecified,other,yrp_community_safety_incidents,1,0.0009,0.0015,"{""objectid"":""228917"",""uniqueidentifier"":""2026_174198_2"",""occ_time"":""1"",""case_type_pubtrans"":""Fail / Refuse With Demand Unspecified"",""case_category1"":""Primary"",""locationcode"":""Outdoor"",""district"":""3"",""municipality"":""Georgina"",""special_grouping"":"""",""x_coordinate"":"" 622561.67"",""y_coordinate"":""4898518.90"",""week_day"":""6"",""crime_per_pop"":""1.87"",""crimeprevention"":""https://www.yrp.ca/en/crime-prevention/Impaired-Driving.asp"",""shooting"":"""",""mediarelease"":"""",""mediareleaseflag"":"""",""dems_public_url"":"""",""...",other,low,No high-confidence patch; retain other pending review
yrp,Other Gaming / Betting - Lotteries,Other Criminal Code,yrp_community_safety_incidents,1,0.0009,0.0015,"{""objectid"":""677"",""uniqueidentifier"":""2026_121349_1"",""occ_time"":""22"",""case_type_pubtrans"":""Other Gaming / Betting - Lotteries"",""case_category1"":""Secondary"",""locationcode"":""Business"",""district"":""2"",""municipality"":""Richmond Hill"",""special_grouping"":"""",""x_coordinate"":"" 629929.93"",""y_coordinate"":""4857309.89"",""week_day"":""3"",""crime_per_pop"":""0.45"",""crimeprevention"":""https://www.yrp.ca/en/crime-prevention.asp"",""shooting"":"""",""mediarelease"":"""",""mediareleaseflag"":"""",""dems_public_url"":"""",""dems_flag"":"""",...",other_criminal_code,low,Manual review
yrp,Weapons-Explosives Possession,Weapons Violations,yrp_community_safety_incidents,1,0.0009,0.0015,"{""objectid"":""94180"",""uniqueidentifier"":""2026_15978_1"",""occ_time"":""8"",""case_type_pubtrans"":""Weapons-Explosives Possession"",""case_category1"":""Primary"",""locationcode"":""Residence"",""district"":""5"",""municipality"":""Markham"",""special_grouping"":"""",""x_coordinate"":"" 637532.07"",""y_coordinate"":""4860699.72"",""week_day"":""3"",""crime_per_pop"":""0.27"",""crimeprevention"":""https://www.yrp.ca/en/crime-prevention.asp"",""shooting"":"""",""mediarelease"":"""",""mediareleaseflag"":"""",""dems_public_url"":"""",""dems_flag"":"""",""occ_id"":""20...",weapons,high,YRP weapons
